{
  "dashboard": {
    "title": "MongoDB ",
    "description": null,
    "icon": "clock-o",
    "visibility": "all",
    "editable": "editable_by_all",
    "metadata": {
      "version": 1
    },
    "widgets": [
      {
        "visualization": "markdown",
        "layout": {
          "width": 1,
          "height": 2,
          "row": 1,
          "column": 1
        },
        "data": [
          {
            "source": "![Image](https://s3.amazonaws.com/kp-mongo/mongodb.png)"
          }
        ],
        "presentation": {
          "title": "",
          "notes": null
        }
      },
      {
        "visualization": "billboard",
        "layout": {
          "width": 1,
          "height": 1,
          "row": 1,
          "column": 2
        },
        "data": [
          {
            "nrql": "FROM MongoConnectionPoolStat SELECT latest(totalAvailable)"
          }
        ],
        "presentation": {
          "title": "Total Available Outgoing Connections",
          "notes": null,
          "threshold": {}
        }
      },
      {
        "visualization": "gauge",
        "layout": {
          "width": 1,
          "height": 1,
          "row": 1,
          "column": 3
        },
        "data": [
          {
            "nrql": "FROM MongoConnectionPoolStat SELECT average(numClientConnections) as 'Avg Client Connections' where numClientConnections IS NOT NULL"
          }
        ],
        "presentation": {
          "title": "Active/Stored Outgoing Synchronous Connections",
          "notes": null,
          "threshold": {
            "red": 50
          }
        }
      },
      {
        "visualization": "line_chart",
        "layout": {
          "width": 2,
          "height": 1,
          "row": 2,
          "column": 2
        },
        "data": [
          {
            "nrql": "FROM MongoConnectionPoolStat SELECT average(totalInUse) as 'Total In-Use', average(totalRefreshing) as 'Total Refreshing' where totalInUse IS NOT NULL since 1 hour ago TIMESERIES 10 minutes"
          }
        ],
        "presentation": {
          "title": "Avg Total In-Use vs Refreshing Outgoing Connections",
          "notes": null
        }
      },
      {
        "visualization": "line_chart",
        "layout": {
          "width": 1,
          "height": 1,
          "row": 3,
          "column": 1
        },
        "data": [
          {
            "nrql": "FROM MongoDBStat SELECT average(`dbStat.collections`) as 'Collection Count', average(`dbStat.objects`) as 'Object Count', average(`dbStat.numExtents`) as 'Extents Count', average(`dbStat.indexes`) as 'Index Count', average(`dbStat.views`) as 'View Count' since 1 hour ago TIMESERIES 10 minutes"
          }
        ],
        "presentation": {
          "title": "Database Counts",
          "notes": null
        }
      },
      {
        "visualization": "line_chart",
        "layout": {
          "width": 1,
          "height": 1,
          "row": 3,
          "column": 2
        },
        "data": [
          {
            "nrql": "FROM MongoServerStatus SELECT average(`asserts.msg`), average(`asserts.regular`), average(`asserts.rollovers`), average(`asserts.user`), average(`asserts.warning`) since 1 hour ago TIMESERIES 1 minute"
          }
        ],
        "presentation": {
          "title": "Assert Details",
          "notes": "While assert errors are typically uncommon, if there are non-zero values for the asserts, you should check the log file for more information. In many cases, these errors are trivial, but are worth investigating"
        }
      },
      {
        "visualization": "line_chart",
        "layout": {
          "width": 1,
          "height": 1,
          "row": 3,
          "column": 3
        },
        "data": [
          {
            "nrql": "FROM MongoServerStatus SELECT average(`opcounters.command`), average(`opcounters.delete`), average(`opcounters.getmore`), average(`opcounters.insert`), average(`opcounters.query`), average(`opcounters.update`), average(`operation.scanAndOrder`), average(`operation.writeConflicts`) since 1 hour ago TIMESERIES 1 minute"
          }
        ],
        "presentation": {
          "title": "Database Operations Trend",
          "notes": null
        }
      },
      {
        "visualization": "attribute_sheet",
        "layout": {
          "width": 1,
          "height": 1,
          "row": 4,
          "column": 1
        },
        "data": [
          {
            "nrql": "FROM MongoServerStatus SELECT average(`repl.apply.ops`) as 'Average Oplog Operations Applied', sum(`repl.apply.batches.totalMillis`) as 'Total Time Applying OpLog Operations' since 1 hour ago"
          }
        ],
        "presentation": {
          "title": "Replication Oplog Operations Applied & Total Time Spent",
          "notes": null
        }
      },
      {
        "visualization": "line_chart",
        "layout": {
          "width": 1,
          "height": 1,
          "row": 4,
          "column": 2
        },
        "data": [
          {
            "nrql": "FROM MongoServerStatus SELECT average(`globalLock.currentQueue.total`) as 'Total Operations Waiting for Lock', average(`globalLock.currentQueue.readers`) as 'Average Operations Waiting for Read Lock', average(`globalLock.currentQueue.writers`) as 'Average Operations Waiting for Write Lock' since 1 hour ago TIMESERIES 1 minute"
          }
        ],
        "presentation": {
          "title": "Queued Operations from Locks",
          "notes": null
        }
      },
      {
        "visualization": "line_chart",
        "layout": {
          "width": 1,
          "height": 1,
          "row": 4,
          "column": 3
        },
        "data": [
          {
            "nrql": "FROM MongoServerStatus SELECT average(`globalLock.activeClients.total`) as 'Total Internal Client Connections', average(`globalLock.activeClients.readers`) as 'Active Client Readers', average(`globalLock.activeClients.writers`) as 'Active Client Writers' since 1 hour ago TIMESERIES 1 minute"
          }
        ],
        "presentation": {
          "title": "Active Client Connections",
          "notes": null
        }
      },
      {
        "visualization": "line_chart",
        "layout": {
          "width": 1,
          "height": 1,
          "row": 5,
          "column": 1
        },
        "data": [
          {
            "nrql": "FROM MongoServerStatus SELECT average(`commands.createIndexes.total`) as 'Create Indexes', average(`commands.delete.total`) as 'Deletes', average(`commands.eval.total`) as 'Evals', average(`commands.findAndModify.total`) as 'FindAndModifys', average(`commands.insert.total`) as 'Inserts', average(`commands.update.total`) as 'Updates' since 1 hour ago TIMESERIES 1 minute"
          }
        ],
        "presentation": {
          "title": "Commands Executed",
          "notes": null
        }
      },
      {
        "visualization": "line_chart",
        "layout": {
          "width": 1,
          "height": 1,
          "row": 5,
          "column": 2
        },
        "data": [
          {
            "nrql": "FROM MongoServerStatus SELECT average(`cursors.timedOut`) as 'Cursors Timed Out' since 1 hour ago TIMESERIES 1 minute"
          }
        ],
        "presentation": {
          "title": "Cursors Timed Out",
          "notes": "The total number of cursors that have timed out since the server process started. If this number is large or growing at a regular rate, this may indicate an application error."
        }
      },
      {
        "visualization": "billboard",
        "layout": {
          "width": 1,
          "height": 1,
          "row": 5,
          "column": 3
        },
        "data": [
          {
            "nrql": "FROM MongoServerStatus SELECT sum(``metrics.storage.freelist.search.bucketexhausted``) as 'Count' since 1 hour ago"
          }
        ],
        "presentation": {
          "title": "Buckets Exhausted",
          "notes": "The number of times that mongod has checked the free list without finding a suitably large record allocation.",
          "threshold": {
            "red": 20,
            "yellow": 10
          }
        }
      }
    ],
    "filter": {
      "event_types": [
        "MongoConnectionPoolStat",
        "MongoDBStat",
        "MongoServerStatus"
      ],
      "attributes": [
        "hostname"
      ]
    }
  }
}
